"Mobility trend; per stage, modes of travel, purposes of travel, age and sex"
"Sex: Total male and female"
"Margins: Value"
"";"";""
"";"";"Modes of travel";"Total";"Total";"Total";"Car as driver";"Car as driver";"Car as driver";"Car as passenger";"Car as passenger";"Car as passenger";"Train";"Train";"Train";"Bus/metro";"Bus/metro";"Bus/metro";"Bike";"Bike";"Bike";"Walking";"Walking";"Walking";"Other";"Other";"Other"
"";"";"Topic";"Stages per person per day (average)";"Distance travelled per stage (average)";"Average travel time per stage";"Stages per person per day (average)";"Distance travelled per stage (average)";"Average travel time per stage";"Stages per person per day (average)";"Distance travelled per stage (average)";"Average travel time per stage";"Stages per person per day (average)";"Distance travelled per stage (average)";"Average travel time per stage";"Stages per person per day (average)";"Distance travelled per stage (average)";"Average travel time per stage";"Stages per person per day (average)";"Distance travelled per stage (average)";"Average travel time per stage";"Stages per person per day (average)";"Distance travelled per stage (average)";"Average travel time per stage";"Stages per person per day (average)";"Distance travelled per stage (average)";"Average travel time per stage"
"Periods";"Age";"Travel motives";"number";"passenger's mileage";"Minutes";"number";"passenger's mileage";"Minutes";"number";"passenger's mileage";"Minutes";"number";"passenger's mileage";"Minutes";"number";"passenger's mileage";"Minutes";"number";"passenger's mileage";"Minutes";"number";"passenger's mileage";"Minutes";"number";"passenger's mileage";"Minutes"
"1999*";"Total";"Total";"3.41";"10.96";"23.72";"1.06";"16.16";"23.91";"0.48";"19.04";"28.42";"0.07";"51.39";"50.84";"0.16";"11.99";"27.45";"0.87";"3.18";"19.02";"0.65";"1.30";"20.87";"0.12";"17.13";"32.31"
"1999*";"Total";"Travel to/from work, (non)-daily commute";"0.59";"14.78";"24.83";"0.23";"20.62";"28.76";"0.05";"21.00";"31.52";"0.02";"42.46";"42.14";"0.04";"12.21";"25.63";"0.15";"3.50";"17.29";"0.05";"0.89";"10.52";"0.05";"17.77";"27.97"
"1999*";"Total";"Shopping, groceries, fun shopping.";"0.73";"4.96";"14.97";"0.23";"6.94";"14.57";"0.09";"9.99";"19.11";"0.01";"42.64";"45.17";"0.03";"9.09";"25.27";"0.20";"1.84";"12.41";"0.16";"0.89";"13.36";"0.01";"6.61";"16.83"
"1999*";"Total";"Attending education/courses";"0.30";"6.85";"17.64";"0.02";"21.61";"25.68";"0.03";"8.84";"17.26";"0.01";"38.37";"40.22";"0.03";"13.55";"27.43";"0.12";"2.81";"15.61";"0.08";"0.71";"9.97";"0.01";"9.96";"28.17"
"1999*";"Total";"Leisure";"1.19";"12.42";"31.37";"0.31";"18.15";"27.90";"0.25";"21.47";"32.46";"0.02";"66.83";"68.11";"0.04";"12.48";"31.66";"0.27";"4.61";"28.74";"0.27";"1.93";"33.08";"0.03";"16.92";"45.59"
"1999*";"Total";"Other";"0.59";"13.76";"21.22";"0.26";"17.63";"23.07";"0.07";"25.15";"28.39";"0.01";"67.94";"60.15";"0.02";"12.16";"26.73";"0.13";"2.18";"13.69";"0.09";"0.89";"12.77";"0.02";"27.23";"31.90"
"1999*";"18 to 24 years";"Total";"4.04";"11.83";"23.69";"0.96";"15.85";"23.93";"0.53";"20.21";"30.28";"0.21";"48.06";"47.42";"0.43";"12.80";"26.85";"0.96";"2.98";"17.57";"0.76";"1.18";"16.74";"0.19";"12.74";"29.12"
"1999*";"18 to 24 years";"Travel to/from work, (non)-daily commute";"0.94";"12.61";"22.51";"0.27";"18.17";"25.90";"0.09";"20.25";"29.55";"0.05";"39.13";"39.85";"0.10";"12.55";"25.79";"0.24";"3.15";"16.30";"0.11";"0.78";"9.73";"0.08";"13.27";"24.31"
"1999*";"18 to 24 years";"Shopping, groceries, fun shopping.";"0.62";"5.69";"15.25";"0.15";"7.21";"14.94";"0.08";"11.13";"20.77";"0.01";"45.06";"45.19";"0.04";"9.68";"24.43";"0.16";"1.73";"11.68";"0.15";"0.79";"11.17";".";".";"."
"1999*";"18 to 24 years";"Attending education/courses";"0.58";"13.00";"23.07";"0.05";"21.53";"30.02";"0.02";"20.38";"28.64";"0.08";"38.81";"40.22";"0.17";"13.43";"26.21";"0.12";"2.96";"15.86";"0.12";"0.78";"9.99";"0.02";"9.42";"25.46"
"1999*";"18 to 24 years";"Leisure";"1.37";"12.04";"28.73";"0.32";"16.35";"26.50";"0.26";"21.03";"33.54";"0.04";"62.96";"63.04";"0.08";"12.75";"30.47";"0.32";"3.63";"22.81";"0.30";"1.75";"26.04";"0.06";"11.86";"40.46"
"1999*";"18 to 24 years";"Other";"0.52";"15.84";"23.29";"0.17";"17.17";"22.08";"0.07";"27.03";"30.64";"0.03";"69.22";"59.55";"0.04";"14.15";"27.16";"0.12";"2.69";"15.98";"0.08";"0.92";"12.10";"0.02";"20.61";"29.42"
"1999*";"60 to 64 years";"Total";"2.88";"11.82";"26.89";"0.94";"17.06";"25.24";"0.39";"21.76";"31.19";"0.04";"65.16";"64.26";"0.10";"11.47";"28.77";"0.72";"4.20";"24.44";"0.60";"1.57";"25.61";"0.08";"19.28";"34.77"
"1999*";"60 to 64 years";"Travel to/from work, (non)-daily commute";"0.24";"13.41";"24.55";"0.08";"19.03";"28.07";".";".";".";".";".";".";".";".";".";"0.06";"3.34";"17.43";"0.02";"0.94";"11.75";".";".";"."
"1999*";"60 to 64 years";"Shopping, groceries, fun shopping.";"0.95";"4.88";"15.83";"0.28";"7.53";"15.82";"0.10";"9.93";"19.42";".";".";".";"0.03";"9.42";"26.23";"0.30";"2.08";"13.49";"0.22";"0.98";"14.72";".";".";"."
"1999*";"60 to 64 years";"Attending education/courses";"0.03";"12.54";"21.62";".";".";".";".";".";".";".";".";".";".";".";".";".";".";".";".";".";".";".";".";"."
"1999*";"60 to 64 years";"Leisure";"1.19";"15.03";"37.42";"0.36";"20.70";"31.11";"0.21";"25.88";"37.29";"0.02";"78.18";"78.79";"0.03";"13.04";"33.00";"0.27";"7.29";"41.21";"0.28";"2.22";"38.37";"0.02";"23.95";"53.89"
"1999*";"60 to 64 years";"Other";"0.48";"16.75";"24.14";"0.22";"22.32";"26.63";"0.06";"29.28";"30.94";".";".";".";".";".";".";"0.09";"2.70";"16.34";"0.08";"1.10";"14.87";".";".";"."
"2003*";"Total";"Total";"3.30";"11.04";"23.65";"1.04";"16.56";"24.01";"0.44";"19.27";"28.09";"0.07";"49.93";"50.10";"0.14";"11.35";"27.13";"0.87";"3.26";"19.09";"0.62";"1.34";"21.01";"0.11";"17.96";"32.59"
"2003*";"Total";"Travel to/from work, (non)-daily commute";"0.58";"14.93";"24.72";"0.24";"21.21";"29.03";"0.04";"20.68";"30.81";"0.03";"42.04";"42.07";"0.04";"11.31";"25.35";"0.15";"3.58";"17.28";"0.05";"0.87";"10.34";"0.04";"18.52";"27.42"
"2003*";"Total";"Shopping, groceries, fun shopping.";"0.70";"5.10";"14.71";"0.23";"7.13";"14.53";"0.09";"10.59";"19.14";"0.01";"42.21";"45.30";"0.02";"8.61";"24.92";"0.20";"1.89";"12.20";"0.15";"0.88";"12.91";"0.01";"6.48";"16.49"
"2003*";"Total";"Attending education/courses";"0.29";"7.01";"17.86";"0.02";"22.70";"27.48";"0.02";"8.87";"17.07";"0.01";"38.38";"40.66";"0.03";"13.36";"27.76";"0.12";"2.90";"15.66";"0.07";"0.71";"9.60";"0.01";"12.48";"31.10"
"2003*";"Total";"Leisure";"1.15";"12.66";"31.60";"0.30";"19.00";"28.24";"0.23";"22.28";"32.39";"0.02";"65.61";"66.86";"0.03";"11.92";"31.01";"0.28";"4.72";"29.06";"0.27";"2.02";"33.65";"0.03";"18.17";"46.27"
"2003*";"Total";"Other";"0.58";"13.11";"20.52";"0.26";"17.52";"22.83";"0.06";"23.41";"27.44";"0.01";"64.97";"59.53";"0.02";"10.66";"26.43";"0.13";"2.15";"13.29";"0.09";"0.80";"11.81";"0.02";"27.19";"31.94"
"2003*";"18 to 24 years";"Total";"3.89";"11.92";"23.62";"0.95";"16.41";"24.37";"0.49";"20.39";"30.07";"0.21";"46.93";"47.10";"0.40";"12.18";"26.69";"0.95";"3.01";"17.45";"0.73";"1.17";"16.49";"0.16";"13.35";"29.11"
"2003*";"18 to 24 years";"Travel to/from work, (non)-daily commute";"0.90";"12.51";"22.33";"0.27";"18.56";"26.21";"0.08";"19.52";"29.07";"0.05";"38.67";"39.79";"0.10";"11.55";"25.49";"0.23";"3.15";"16.11";"0.11";"0.76";"9.58";"0.07";"13.55";"23.67"
"2003*";"18 to 24 years";"Shopping, groceries, fun shopping.";"0.58";"5.86";"15.14";"0.14";"7.52";"15.04";"0.08";"11.80";"20.73";".";".";".";"0.04";"9.14";"24.13";"0.15";"1.77";"11.54";"0.14";"0.77";"10.81";".";".";"."
"2003*";"18 to 24 years";"Attending education/courses";"0.59";"13.17";"23.27";"0.06";"22.75";"31.59";"0.02";"20.86";"28.75";"0.08";"39.03";"40.82";"0.16";"13.14";"26.48";"0.13";"3.01";"15.71";"0.12";"0.78";"9.62";".";".";"."
"2003*";"18 to 24 years";"Leisure";"1.32";"12.44";"28.72";"0.31";"17.07";"26.90";"0.25";"21.97";"33.58";"0.04";"61.95";"62.04";"0.08";"12.32";"29.88";"0.32";"3.63";"22.56";"0.28";"1.80";"26.53";"0.05";"12.72";"39.99"
"2003*";"18 to 24 years";"Other";"0.50";"14.98";"22.65";"0.17";"17.14";"22.20";"0.07";"25.13";"29.51";".";".";".";".";".";".";"0.11";"2.63";"15.62";"0.07";"0.83";"11.31";".";".";"."
"2003*";"60 to 64 years";"Total";"2.85";"12.02";"26.75";"0.98";"17.48";"25.27";"0.36";"22.27";"31.06";"0.04";"61.16";"61.00";"0.09";"10.72";"28.18";"0.73";"4.26";"24.25";"0.57";"1.63";"25.99";"0.08";"19.97";"34.67"
"2003*";"60 to 64 years";"Travel to/from work, (non)-daily commute";"0.28";"14.03";"24.56";"0.10";"19.95";"28.36";".";".";".";".";".";".";".";".";".";"0.08";"3.49";"17.49";".";".";".";".";".";"."
"2003*";"60 to 64 years";"Shopping, groceries, fun shopping.";"0.91";"5.02";"15.44";"0.29";"7.67";"15.69";"0.10";"10.52";"19.45";".";".";".";".";".";".";"0.29";"2.11";"13.12";"0.19";"0.96";"14.14";".";".";"."
"2003*";"60 to 64 years";"Attending education/courses";".";".";".";".";".";".";".";".";".";".";".";".";".";".";".";".";".";".";".";".";".";".";".";"."
"2003*";"60 to 64 years";"Leisure";"1.16";"15.23";"37.56";"0.36";"21.63";"31.36";"0.19";"27.14";"37.51";".";".";".";".";".";".";"0.27";"7.38";"41.29";"0.28";"2.34";"38.83";".";".";"."
"2003*";"60 to 64 years";"Other";"0.48";"16.31";"23.61";"0.23";"22.12";"26.42";"0.05";"27.67";"30.30";".";".";".";".";".";".";"0.09";"2.66";"15.78";"0.07";"0.99";"13.75";".";".";"."
"2007*";"Total";"Total";"3.20";"11.07";"23.88";"1.01";"17.06";"24.44";"0.40";"19.27";"27.93";"0.07";"48.59";"49.50";"0.13";"10.10";"26.90";"0.85";"3.37";"19.29";"0.63";"1.44";"21.36";"0.11";"17.74";"33.71"
"2007*";"Total";"Travel to/from work, (non)-daily commute";"0.61";"15.49";"25.15";"0.26";"22.41";"29.76";"0.03";"21.24";"30.49";"0.03";"41.37";"41.95";"0.04";"10.20";"25.36";"0.15";"3.71";"17.72";"0.06";"0.89";"10.46";"0.04";"20.37";"29.66"
"2007*";"Total";"Shopping, groceries, fun shopping.";"0.65";"5.18";"14.60";"0.22";"7.30";"14.59";"0.08";"10.88";"19.20";"0.01";"42.14";"45.73";"0.02";"8.22";"24.70";"0.18";"1.94";"12.08";"0.13";"0.88";"12.51";"0.01";"6.00";"16.06"
"2007*";"Total";"Attending education/courses";"0.30";"6.91";"17.91";"0.02";"23.51";"29.07";"0.03";"8.66";"16.90";"0.01";"38.41";"41.20";"0.03";"11.96";"27.76";"0.13";"3.00";"15.76";"0.07";"0.71";"9.31";"0.01";"12.73";"30.88"
"2007*";"Total";"Leisure";"1.10";"12.67";"32.03";"0.27";"19.96";"28.71";"0.21";"23.26";"32.55";"0.02";"64.27";"65.90";"0.03";"10.18";"30.40";"0.27";"4.84";"29.53";"0.28";"2.17";"33.71";"0.03";"18.71";"48.66"
"2007*";"Total";"Other";"0.54";"12.11";"20.19";"0.25";"16.43";"22.55";"0.06";"19.79";"26.47";"0.01";"62.44";"58.81";"0.01";"8.57";"25.77";"0.12";"2.20";"12.94";"0.08";"0.84";"11.46";"0.02";"20.26";"29.84"
"2007*";"18 to 24 years";"Total";"3.75";"11.69";"23.60";"0.87";"16.96";"24.96";"0.44";"20.46";"30.02";"0.23";"45.81";"46.90";"0.40";"10.83";"26.56";"0.92";"3.08";"17.46";"0.76";"1.20";"16.19";"0.15";"13.15";"30.00"
"2007*";"18 to 24 years";"Travel to/from work, (non)-daily commute";"0.87";"12.44";"22.44";"0.26";"19.46";"26.93";"0.07";"19.57";"28.91";"0.05";"37.91";"39.69";"0.09";"10.35";"25.47";"0.23";"3.21";"16.38";"0.12";"0.78";"9.69";".";".";"."
"2007*";"18 to 24 years";"Shopping, groceries, fun shopping.";"0.52";"5.91";"15.03";"0.12";"7.82";"15.23";"0.07";"12.20";"20.77";".";".";".";".";".";".";"0.14";"1.82";"11.46";"0.14";"0.76";"10.49";".";".";"."
"2007*";"18 to 24 years";"Attending education/courses";"0.67";"12.37";"22.81";"0.05";"23.65";"33.07";".";".";".";"0.10";"39.18";"41.48";"0.17";"11.73";"26.57";"0.15";"3.08";"15.69";"0.16";"0.77";"9.29";".";".";"."
"2007*";"18 to 24 years";"Leisure";"1.26";"12.56";"28.88";"0.28";"17.85";"27.39";"0.22";"23.02";"33.77";"0.04";"60.68";"61.24";"0.07";"10.63";"29.31";"0.31";"3.65";"22.38";"0.29";"1.89";"26.59";"0.05";"13.10";"40.85"
"2007*";"18 to 24 years";"Other";"0.44";"13.54";"22.10";"0.15";"16.18";"22.19";"0.06";"21.19";"28.28";".";".";".";".";".";".";".";".";".";".";".";".";".";".";"."
"2007*";"60 to 64 years";"Total";"2.80";"12.08";"26.91";"0.99";"17.81";"25.50";"0.32";"22.58";"31.16";"0.04";"58.41";"59.12";"0.08";"9.50";"27.78";"0.70";"4.34";"24.11";"0.57";"1.79";"26.69";"0.09";"19.48";"35.55"
"2007*";"60 to 64 years";"Travel to/from work, (non)-daily commute";"0.36";"14.82";"25.05";"0.14";"21.40";"29.08";".";".";".";".";".";".";".";".";".";"0.10";"3.72";"18.06";"0.03";"0.94";"11.16";".";".";"."
"2007*";"60 to 64 years";"Shopping, groceries, fun shopping.";"0.83";"5.14";"15.20";"0.27";"7.79";"15.63";"0.09";"10.85";"19.53";".";".";".";".";".";".";"0.26";"2.13";"12.83";"0.17";"0.95";"13.61";".";".";"."
"2007*";"60 to 64 years";"Attending education/courses";".";".";".";".";".";".";".";".";".";".";".";".";".";".";".";".";".";".";".";".";".";".";".";"."
"2007*";"60 to 64 years";"Leisure";"1.12";"15.11";"37.83";"0.33";"22.63";"31.70";"0.17";"28.57";"37.91";".";".";".";".";".";".";"0.25";"7.47";"41.44";"0.30";"2.51";"38.66";".";".";"."
"2007*";"60 to 64 years";"Other";"0.46";"15.11";"23.28";"0.23";"20.43";"26.03";"0.05";"23.59";"29.55";".";".";".";".";".";".";"0.08";"2.72";"15.20";"0.07";"1.03";"13.26";".";".";"."
"2011*";"Total";"Total";"3.09";"11.21";"23.76";"0.97";"17.73";"24.73";"0.36";"19.51";"27.72";"0.07";"48.37";"49.49";"0.13";"9.64";"26.71";"0.85";"3.45";"19.47";"0.61";"1.41";"20.50";"0.11";"17.90";"33.08"
"2011*";"Total";"Travel to/from work, (non)-daily commute";"0.62";"15.53";"24.82";"0.26";"23.27";"29.95";"0.03";"21.31";"29.91";"0.03";"41.44";"42.33";"0.04";"9.66";"25.18";"0.16";"3.81";"17.77";"0.07";"0.82";"9.59";"0.04";"20.53";"29.35"
"2011*";"Total";"Shopping, groceries, fun shopping.";"0.61";"5.17";"14.45";"0.20";"7.53";"14.70";"0.07";"11.10";"19.27";"0.01";"42.26";"46.41";"0.02";"7.57";"24.58";"0.17";"1.99";"12.10";"0.13";"0.87";"11.92";"0.01";"5.59";"16.20"
"2011*";"Total";"Attending education/courses";"0.30";"6.94";"17.84";"0.02";"24.37";"30.68";"0.03";"8.62";"16.87";"0.01";"38.74";"41.83";"0.03";"11.21";"27.65";"0.14";"3.05";"15.85";"0.07";"0.68";"8.51";"0.01";"12.82";"29.69"
"2011*";"Total";"Leisure";"1.05";"12.93";"32.10";"0.26";"20.76";"29.05";"0.19";"23.82";"32.48";"0.02";"64.14";"65.36";"0.03";"10.16";"29.94";"0.26";"4.92";"30.12";"0.27";"2.18";"33.26";"0.03";"18.53";"47.64"
"2011*";"Total";"Other";"0.51";"12.20";"19.96";"0.23";"16.63";"22.45";"0.05";"19.58";"25.98";"0.01";"61.98";"58.72";"0.01";"7.96";"25.52";"0.11";"2.28";"12.91";"0.07";"0.80";"10.69";"0.02";"21.84";"29.93"
"2011*";"18 to 24 years";"Total";"3.65";"11.68";"23.38";"0.80";"17.64";"25.45";"0.38";"20.89";"30.00";"0.24";"45.95";"47.32";"0.40";"10.28";"26.42";"0.93";"3.11";"17.42";"0.77";"1.13";"15.12";"0.14";"13.16";"29.29"
"2011*";"18 to 24 years";"Travel to/from work, (non)-daily commute";"0.84";"12.17";"22.00";"0.25";"20.00";"27.17";"0.05";"19.19";"28.48";"0.05";"37.93";"40.09";"0.09";"9.75";"25.27";"0.23";"3.24";"16.31";"0.13";"0.73";"8.91";"0.05";"14.51";"25.11"
"2011*";"18 to 24 years";"Shopping, groceries, fun shopping.";"0.49";"5.79";"14.83";"0.11";"8.22";"15.48";"0.06";"12.56";"20.83";".";".";".";".";".";".";"0.13";"1.87";"11.52";"0.14";"0.75";"10.03";".";".";"."
"2011*";"18 to 24 years";"Attending education/courses";"0.72";"11.93";"22.37";"0.05";"24.48";"34.20";"0.02";"20.61";"28.97";"0.10";"39.65";"42.25";"0.17";"10.96";"26.54";"0.18";"3.12";"15.79";"0.18";"0.73";"8.47";".";".";"."
"2011*";"18 to 24 years";"Leisure";"1.20";"12.92";"28.87";"0.27";"18.54";"27.77";"0.20";"23.76";"33.81";"0.05";"60.53";"60.81";"0.08";"10.69";"28.89";"0.31";"3.63";"22.32";"0.26";"1.87";"26.30";"0.04";"13.03";"39.00"
"2011*";"18 to 24 years";"Other";"0.40";"13.65";"22.03";"0.13";"16.56";"22.39";"0.05";"20.92";"27.54";".";".";".";".";".";".";"0.09";"2.70";"15.14";"0.06";"0.82";"10.35";".";".";"."
"2011*";"60 to 64 years";"Total";"2.73";"12.27";"26.65";"0.97";"18.51";"25.74";"0.28";"23.28";"31.26";"0.04";"56.54";"57.58";"0.07";"9.14";"27.51";"0.72";"4.36";"23.79";"0.55";"1.77";"25.75";"0.09";"19.56";"34.66"
"2011*";"60 to 64 years";"Travel to/from work, (non)-daily commute";"0.45";"15.02";"24.71";"0.18";"22.53";"29.33";".";".";".";".";".";".";".";".";".";"0.13";"3.92";"18.23";"0.05";"0.86";"10.03";".";".";"."
"2011*";"60 to 64 years";"Shopping, groceries, fun shopping.";"0.77";"5.09";"14.92";"0.25";"7.96";"15.64";"0.07";"11.11";"19.62";".";".";".";".";".";".";"0.25";"2.16";"12.69";"0.15";"0.94";"12.91";".";".";"."
"2011*";"60 to 64 years";"Attending education/courses";".";".";".";".";".";".";".";".";".";".";".";".";".";".";".";".";".";".";".";".";".";".";".";"."
"2011*";"60 to 64 years";"Leisure";"1.04";"15.21";"37.90";"0.30";"23.47";"31.89";"0.14";"29.60";"38.14";".";".";".";".";".";".";"0.24";"7.51";"41.76";"0.29";"2.53";"37.96";".";".";"."
"2011*";"60 to 64 years";"Other";"0.45";"15.11";"22.94";"0.22";"20.35";"25.81";"0.04";"23.65";"29.30";".";".";".";".";".";".";"0.08";"2.79";"14.89";"0.06";"0.97";"12.30";".";".";"."
"2015*";"Total";"Total";"3.03";"11.36";"24.14";"0.95";"18.04";"24.84";"0.34";"19.70";"27.62";"0.08";"48.27";"49.46";"0.12";"9.14";"26.43";"0.84";"3.58";"19.98";"0.60";"1.48";"21.69";"0.10";"18.21";"32.82"
"2015*";"Total";"Travel to/from work, (non)-daily commute";"0.61";"15.97";"24.78";"0.25";"24.23";"30.14";"0.02";"21.60";"29.40";"0.03";"41.11";"42.28";"0.04";"9.07";"24.86";"0.16";"3.92";"17.86";"0.07";"0.79";"9.32";"0.04";"21.43";"28.84"
"2015*";"Total";"Shopping, groceries, fun shopping.";"0.61";"5.14";"14.48";"0.21";"7.51";"14.79";"0.07";"10.94";"19.28";"0.00";"42.35";"46.38";"0.02";"7.02";"24.03";"0.18";"2.02";"11.95";"0.13";"0.85";"12.43";"0.01";"5.26";"15.85"
"2015*";"Total";"Attending education/courses";"0.29";"7.29";"18.38";"0.02";"25.26";"32.08";"0.02";"8.39";"16.78";"0.02";"38.97";"41.83";"0.03";"10.86";"27.46";"0.13";"3.17";"16.40";"0.06";"0.66";"8.18";"0.01";"13.16";"29.35"
"2015*";"Total";"Leisure";"1.07";"13.16";"32.70";"0.26";"21.44";"29.36";"0.18";"24.57";"32.53";"0.02";"63.64";"64.50";"0.03";"9.38";"29.20";"0.28";"5.04";"30.60";"0.28";"2.28";"34.72";"0.03";"19.24";"48.36"
"2015*";"Total";"Other";"0.45";"11.91";"19.68";"0.21";"16.07";"22.08";"0.05";"18.72";"25.57";"0.01";"61.53";"58.49";"0.01";"7.38";"25.16";"0.10";"2.25";"12.67";"0.06";"0.77";"10.06";"0.01";"21.00";"29.59"
"2015*";"18 to 24 years";"Total";"3.56";"11.73";"23.51";"0.75";"18.13";"25.85";"0.35";"21.13";"29.93";"0.25";"45.88";"47.28";"0.39";"9.80";"26.14";"0.93";"3.14";"17.50";"0.76";"1.14";"15.59";"0.13";"13.27";"28.72"
"2015*";"18 to 24 years";"Travel to/from work, (non)-daily commute";"0.79";"12.23";"21.87";"0.24";"20.59";"27.39";"0.04";"18.95";"28.05";".";".";".";"0.08";"9.12";"24.93";"0.22";"3.29";"16.29";"0.12";"0.70";"8.69";".";".";"."
"2015*";"18 to 24 years";"Shopping, groceries, fun shopping.";"0.47";"5.66";"14.82";"0.10";"8.40";"15.70";"0.06";"12.42";"20.79";".";".";".";".";".";".";"0.13";"1.89";"11.40";"0.13";"0.73";"10.50";".";".";"."
"2015*";"18 to 24 years";"Attending education/courses";"0.75";"11.99";"22.39";"0.05";"25.28";"35.14";".";".";".";"0.11";"39.93";"42.30";"0.18";"10.58";"26.37";"0.19";"3.17";"16.01";"0.18";"0.70";"8.12";".";".";"."
"2015*";"18 to 24 years";"Leisure";"1.22";"13.12";"29.07";"0.25";"19.12";"28.11";"0.19";"24.54";"33.82";"0.06";"59.79";"59.84";"0.08";"9.95";"28.14";"0.33";"3.61";"22.04";"0.27";"1.91";"27.53";"0.04";"13.46";"38.54"
"2015*";"18 to 24 years";"Other";"0.33";"13.41";"21.85";"0.11";"16.19";"22.36";".";".";".";".";".";".";".";".";".";".";".";".";".";".";".";".";".";"."
"2015*";"60 to 64 years";"Total";"2.76";"12.53";"26.93";"1.00";"18.86";"25.81";"0.27";"23.50";"31.10";"0.05";"55.36";"56.56";"0.07";"8.63";"27.10";"0.73";"4.47";"23.89";"0.54";"1.87";"27.22";"0.10";"19.62";"33.75"
"2015*";"60 to 64 years";"Travel to/from work, (non)-daily commute";"0.55";"15.77";"24.81";"0.23";"23.75";"29.57";".";".";".";".";".";".";".";".";".";"0.15";"4.15";"18.47";"0.05";"0.83";"9.58";".";".";"."
"2015*";"60 to 64 years";"Shopping, groceries, fun shopping.";"0.74";"5.08";"14.84";"0.25";"7.86";"15.59";"0.07";"10.97";"19.63";".";".";".";".";".";".";"0.25";"2.16";"12.37";"0.13";"0.92";"13.39";".";".";"."
"2015*";"60 to 64 years";"Attending education/courses";".";".";".";".";".";".";".";".";".";".";".";".";".";".";".";".";".";".";".";".";".";".";".";"."
"2015*";"60 to 64 years";"Leisure";"1.04";"15.25";"38.44";"0.29";"24.09";"31.97";"0.14";"30.65";"38.29";".";".";".";".";".";".";"0.25";"7.53";"41.68";"0.30";"2.65";"39.40";".";".";"."
"2015*";"60 to 64 years";"Other";"0.40";"14.91";"22.78";"0.21";"19.46";"25.33";"0.04";"22.84";"29.03";".";".";".";".";".";".";"0.07";"2.75";"14.48";"0.05";"0.92";"11.52";".";".";"."
"2019*";"Total";"Total";"2.97";"11.64";"24.18";"0.94";"18.59";"25.00";"0.32";"20.12";"27.57";"0.08";"48.21";"49.51";"0.12";"8.53";"26.06";"0.82";"3.67";"20.21";"0.58";"1.49";"21.31";"0.10";"17.84";"31.94"
"2019*";"Total";"Travel to/from work, (non)-daily commute";"0.61";"16.13";"24.83";"0.25";"24.99";"30.38";"0.02";"21.43";"28.94";"0.03";"41.01";"42.46";"0.04";"8.42";"24.49";"0.16";"4.04";"18.03";"0.07";"0.79";"9.69";"0.04";"21.54";"29.36"
"2019*";"Total";"Shopping, groceries, fun shopping.";"0.57";"5.36";"14.35";"0.20";"7.78";"14.86";"0.06";"11.65";"19.34";"0.00";"42.25";"46.89";"0.01";"6.56";"23.80";"0.16";"2.06";"11.91";"0.12";"0.80";"11.59";"0.01";"5.61";"15.99"
"2019*";"Total";"Attending education/courses";"0.28";"7.28";"18.58";"0.01";"26.09";"33.31";"0.02";"8.11";"16.54";"0.02";"39.06";"41.63";"0.03";"10.02";"26.89";"0.13";"3.26";"16.69";"0.06";"0.67";"8.39";"0.01";"11.64";"27.59"
"2019*";"Total";"Leisure";"1.05";"13.50";"32.59";"0.26";"22.07";"29.47";"0.18";"25.03";"32.44";"0.02";"63.31";"64.06";"0.03";"8.59";"28.53";"0.27";"5.12";"31.04";"0.27";"2.31";"33.87";"0.03";"19.79";"45.64"
"2019*";"Total";"Other";"0.45";"11.87";"19.57";"0.21";"16.31";"22.08";"0.05";"18.76";"25.47";"0.01";"60.88";"57.88";"0.01";"7.44";"25.18";"0.10";"2.29";"12.67";"0.06";"0.77";"10.05";"0.01";"17.78";"29.11"
"2019*";"18 to 24 years";"Total";"3.44";"11.75";"23.35";"0.72";"18.73";"26.22";"0.32";"21.55";"29.85";"0.25";"45.74";"47.13";"0.38";"9.10";"25.69";"0.91";"3.18";"17.51";"0.74";"1.12";"15.15";"0.12";"12.77";"27.25"
"2019*";"18 to 24 years";"Travel to/from work, (non)-daily commute";"0.77";"12.04";"21.81";"0.22";"20.96";"27.62";"0.03";"18.42";"27.63";"0.05";"37.45";"40.37";"0.08";"8.45";"24.59";"0.22";"3.33";"16.34";"0.12";"0.71";"9.06";"0.05";"14.61";"24.83"
"2019*";"18 to 24 years";"Shopping, groceries, fun shopping.";"0.43";"5.76";"14.62";"0.09";"8.93";"15.91";"0.05";"13.31";"20.84";".";".";".";"0.03";"6.93";"23.26";"0.11";"1.93";"11.38";"0.13";"0.69";"9.84";".";".";"."
"2019*";"18 to 24 years";"Attending education/courses";"0.76";"11.67";"22.16";"0.05";"26.21";"36.10";"0.02";"19.68";"29.02";"0.11";"40.17";"42.23";"0.17";"9.73";"25.83";"0.20";"3.23";"16.21";"0.19";"0.70";"8.32";".";".";"."
"2019*";"18 to 24 years";"Leisure";"1.16";"13.32";"28.76";"0.24";"19.69";"28.29";"0.18";"25.11";"33.74";"0.06";"59.36";"59.35";"0.08";"9.20";"27.47";"0.32";"3.59";"21.83";"0.25";"1.90";"26.91";"0.04";"13.88";"35.47"
"2019*";"18 to 24 years";"Other";"0.32";"13.60";"21.94";"0.11";"16.69";"22.72";"0.04";"19.80";"26.54";"0.02";"62.28";"58.75";"0.02";"8.56";"24.83";"0.06";"2.67";"14.97";"0.05";"0.78";"9.88";".";".";"."
"2019*";"60 to 64 years";"Total";"2.77";"13.01";"26.83";"1.04";"19.61";"26.01";"0.25";"24.30";"31.29";"0.05";"54.10";"55.81";"0.07";"8.16";"26.87";"0.73";"4.54";"23.71";"0.53";"1.90";"26.74";"0.10";"19.32";"32.48"
"2019*";"60 to 64 years";"Travel to/from work, (non)-daily commute";"0.63";"16.45";"25.14";"0.28";"24.80";"29.88";".";".";".";"0.02";"41.69";"44.14";"0.03";"8.98";"25.79";"0.18";"4.40";"18.80";"0.06";"0.84";"9.80";"0.04";"22.11";"29.85"
"2019*";"60 to 64 years";"Shopping, groceries, fun shopping.";"0.70";"5.31";"14.61";"0.25";"8.06";"15.54";"0.06";"11.71";"19.70";".";".";".";".";".";".";"0.23";"2.17";"12.17";"0.12";"0.87";"12.43";".";".";"."
"2019*";"60 to 64 years";"Attending education/courses";"0.02";"12.86";"22.77";".";".";".";".";".";".";".";".";".";".";".";".";".";".";".";".";".";".";".";".";"."
"2019*";"60 to 64 years";"Leisure";"1.02";"15.43";"38.02";"0.29";"24.67";"31.88";"0.13";"31.43";"38.33";".";".";".";"0.02";"8.28";"29.69";"0.24";"7.54";"41.72";"0.30";"2.68";"38.22";".";".";"."
"2019*";"60 to 64 years";"Other";"0.40";"14.83";"22.63";"0.21";"19.45";"25.21";"0.04";"23.08";"29.12";".";".";".";".";".";".";"0.07";"2.78";"14.29";"0.04";"0.91";"11.46";".";".";"."
"2020*";"Total";"Total";"2.48";"9.67";"24.46";"0.79";"16.03";"22.53";"0.25";"17.32";"25.84";"0.04";"46.06";"48.31";"0.06";"8.14";"25.79";"0.65";"3.95";"22.34";"0.61";"1.84";"26.45";"0.08";"13.59";"29.87"
"2020*";"Total";"Travel to/from work, (non)-daily commute";"0.41";"14.64";"23.17";"0.19";"22.18";"27.25";"0.01";"17.09";"25.15";"0.01";"38.44";"40.79";"0.02";"7.93";"24.08";"0.11";"4.02";"18.14";"0.04";"0.76";"9.39";"0.03";"16.38";"24.94"
"2020*";"Total";"Shopping, groceries, fun shopping.";"0.57";"4.33";"12.66";"0.20";"6.70";"13.02";"0.05";"9.34";"16.82";"0.00";"38.67";"43.51";"0.01";"5.88";"22.35";"0.16";"1.99";"11.48";"0.13";"0.77";"10.67";"0.01";"4.24";"13.64"
"2020*";"Total";"Attending education/courses";"0.17";"6.73";"18.39";"0.01";"26.44";"33.54";"0.02";"7.67";"16.00";"0.01";"36.52";"40.29";"0.01";"9.98";"26.77";"0.08";"3.36";"17.22";"0.03";"0.66";"8.84";"0.01";"9.25";"25.31"
"2020*";"Total";"Leisure";"0.93";"10.99";"36.22";"0.20";"20.62";"29.53";"0.13";"22.27";"32.04";"0.01";"62.14";"63.88";"0.01";"8.39";"29.50";"0.22";"6.16";"37.77";"0.34";"2.72";"39.50";"0.02";"13.23";"47.70"
"2020*";"Total";"Other";"0.40";"10.22";"17.72";"0.19";"14.36";"19.91";"0.04";"17.01";"23.23";"0.00";"55.68";"53.95";"0.01";"6.64";"24.41";"0.09";"2.34";"12.85";"0.06";"0.74";"9.95";"0.01";"17.38";"26.22"
"2020*";"18 to 24 years";"Total";"2.66";"10.22";"23.56";"0.63";"16.56";"24.18";"0.28";"18.34";"27.59";"0.13";"45.04";"47.17";"0.20";"8.67";"25.53";"0.68";"3.31";"19.00";"0.63";"1.46";"20.36";"0.10";"8.94";"25.43"
"2020*";"18 to 24 years";"Travel to/from work, (non)-daily commute";"0.55";"10.97";"20.55";"0.19";"18.69";"25.05";"0.03";"14.91";"24.27";"0.02";"35.66";"38.97";"0.04";"7.88";"24.00";"0.16";"3.32";"16.38";"0.07";"0.68";"8.79";"0.03";"10.35";"21.03"
"2020*";"18 to 24 years";"Shopping, groceries, fun shopping.";"0.45";"4.46";"12.80";"0.10";"7.42";"13.81";"0.05";"10.45";"17.85";".";".";".";"0.02";"6.17";"21.84";"0.12";"1.84";"11.08";"0.14";"0.68";"9.32";".";".";"."
"2020*";"18 to 24 years";"Attending education/courses";"0.39";"11.89";"22.87";"0.04";"24.84";"34.79";"0.02";"18.55";"26.92";"0.05";"37.96";"41.11";"0.08";"9.66";"25.71";"0.10";"3.38";"17.06";"0.09";"0.72";"9.08";".";".";"."
"2020*";"18 to 24 years";"Leisure";"0.97";"11.30";"31.63";"0.19";"18.60";"28.78";"0.14";"22.44";"33.43";"0.03";"59.54";"60.74";"0.04";"8.84";"28.51";"0.25";"4.10";"26.01";"0.28";"2.40";"34.17";"0.03";"8.47";"37.34"
"2020*";"18 to 24 years";"Other";"0.30";"11.90";"19.97";"0.11";"14.93";"20.51";"0.04";"17.40";"23.74";"0.01";"57.37";"55.03";"0.02";"7.47";"23.81";"0.06";"2.71";"15.32";"0.05";"0.74";"9.80";".";".";"."
"2020*";"60 to 64 years";"Total";"2.40";"10.76";"26.88";"0.88";"17.18";"23.53";"0.18";"20.94";"29.21";"0.02";"51.03";"53.61";"0.03";"7.73";"26.32";"0.60";"4.97";"26.03";"0.60";"2.21";"30.64";"0.09";"15.78";"29.66"
"2020*";"60 to 64 years";"Travel to/from work, (non)-daily commute";"0.45";"15.11";"23.54";"0.22";"22.42";"27.12";".";".";".";".";".";".";".";".";".";"0.13";"4.43";"19.09";"0.04";"0.80";"9.38";"0.04";"17.61";"25.48"
"2020*";"60 to 64 years";"Shopping, groceries, fun shopping.";"0.67";"4.34";"12.92";"0.25";"6.94";"13.57";"0.05";"9.30";"17.15";".";".";".";".";".";".";"0.21";"2.08";"11.60";"0.14";"0.82";"11.34";".";".";"."
"2020*";"60 to 64 years";"Attending education/courses";".";".";".";".";".";".";".";".";".";".";".";".";".";".";".";".";".";".";".";".";".";".";".";"."
"2020*";"60 to 64 years";"Leisure";"0.90";"12.46";"41.70";"0.22";"23.17";"31.81";"0.09";"28.19";"38.06";".";".";".";".";".";".";"0.19";"9.28";"50.80";"0.38";"3.04";"42.54";".";".";"."
"2020*";"60 to 64 years";"Other";"0.36";"12.90";"20.22";"0.19";"17.61";"22.84";"0.03";"21.71";"26.81";".";".";".";".";".";".";"0.07";"2.82";"14.01";"0.05";"0.89";"11.15";".";".";"."
"2021*";"Total";"Total";"2.62";"10.00";"26.03";"0.81";"16.78";"23.57";"0.27";"19.09";"28.00";"0.04";"46.46";"49.65";"0.06";"8.72";"28.13";"0.67";"3.99";"22.86";"0.69";"1.99";"28.89";"0.09";"14.17";"32.39"
"2021*";"Total";"Travel to/from work, (non)-daily commute";"0.41";"15.18";"23.86";"0.19";"22.90";"27.96";"0.01";"18.56";"26.45";"0.01";"37.51";"40.02";"0.02";"8.63";"25.68";"0.11";"4.06";"18.40";"0.04";"0.81";"10.08";"0.03";"18.66";"27.10"
"2021*";"Total";"Shopping, groceries, fun shopping.";"0.57";"4.43";"13.27";"0.20";"6.97";"13.64";"0.05";"10.08";"17.87";"0.00";"37.76";"43.50";"0.01";"6.57";"24.47";"0.15";"2.02";"11.84";"0.15";"0.81";"11.35";"0.01";"4.09";"14.61"
"2021*";"Total";"Attending education/courses";"0.17";"6.66";"18.53";"0.01";"26.89";"33.62";"0.02";"8.23";"16.75";"0.01";"34.76";"39.10";"0.02";"9.89";"28.04";"0.08";"3.34";"17.25";"0.04";"0.70";"9.23";"0.01";"10.30";"26.27"
"2021*";"Total";"Leisure";"1.03";"11.49";"38.55";"0.21";"22.18";"31.50";"0.14";"24.70";"34.93";"0.01";"61.60";"65.39";"0.02";"9.15";"32.77";"0.23";"6.14";"38.07";"0.40";"2.88";"42.30";"0.03";"14.51";"51.29"
"2021*";"Total";"Other";"0.44";"10.32";"18.40";"0.20";"14.66";"20.63";"0.04";"17.54";"24.20";"0.00";"54.07";"53.44";"0.01";"7.74";"26.44";"0.09";"2.36";"13.26";"0.07";"0.80";"10.71";"0.02";"15.13";"26.77"
"2021*";"18 to 24 years";"Total";"2.81";"10.54";"24.92";"0.63";"17.41";"25.25";"0.29";"20.13";"29.70";"0.14";"44.29";"47.34";"0.22";"9.16";"27.59";"0.69";"3.34";"19.51";"0.72";"1.57";"22.26";"0.12";"9.58";"27.83"
"2021*";"18 to 24 years";"Travel to/from work, (non)-daily commute";"0.54";"11.43";"21.21";"0.19";"19.36";"25.72";"0.03";"16.17";"25.45";"0.02";"34.75";"38.21";"0.04";"8.56";"25.53";"0.16";"3.36";"16.65";"0.07";"0.73";"9.44";"0.04";"11.92";"22.88"
"2021*";"18 to 24 years";"Shopping, groceries, fun shopping.";"0.46";"4.53";"13.37";"0.10";"7.75";"14.41";"0.05";"11.32";"18.96";".";".";".";"0.02";"6.90";"23.89";"0.11";"1.86";"11.41";"0.16";"0.71";"9.91";"0.02";"3.32";"13.63"
"2021*";"18 to 24 years";"Attending education/courses";"0.42";"11.56";"22.88";"0.04";"25.63";"34.87";"0.02";"19.48";"27.43";"0.06";"36.04";"39.82";"0.09";"9.59";"26.99";"0.10";"3.34";"17.06";"0.10";"0.76";"9.46";".";".";"."
"2021*";"18 to 24 years";"Leisure";"1.07";"11.83";"33.83";"0.20";"19.95";"30.61";"0.15";"24.80";"36.25";"0.04";"58.98";"62.04";"0.05";"9.69";"31.69";"0.26";"4.12";"26.63";"0.34";"2.51";"36.45";"0.04";"9.56";"40.69"
"2021*";"18 to 24 years";"Other";"0.32";"11.90";"20.55";"0.11";"15.14";"21.09";"0.05";"18.05";"24.71";"0.01";"55.61";"54.34";"0.02";"8.71";"25.81";"0.06";"2.72";"15.58";"0.05";"0.80";"10.51";"0.02";"11.26";"24.15"
"2021*";"60 to 64 years";"Total";"2.56";"11.15";"28.57";"0.90";"17.99";"24.63";"0.20";"23.04";"31.56";".";".";".";"0.03";"8.47";"28.89";"0.61";"4.98";"26.32";"0.69";"2.38";"33.44";"0.10";"16.63";"32.56"
"2021*";"60 to 64 years";"Travel to/from work, (non)-daily commute";"0.46";"15.73";"24.32";"0.22";"23.19";"27.92";".";".";".";".";".";".";".";".";".";"0.13";"4.49";"19.39";"0.04";"0.86";"10.13";"0.04";"19.99";"27.77"
"2021*";"60 to 64 years";"Shopping, groceries, fun shopping.";"0.69";"4.44";"13.50";"0.25";"7.21";"14.18";"0.05";"10.09";"18.22";".";".";".";".";".";".";"0.21";"2.10";"11.94";"0.16";"0.86";"12.05";".";".";"."
"2021*";"60 to 64 years";"Attending education/courses";".";".";".";".";".";".";".";".";".";".";".";".";".";".";".";".";".";".";".";".";".";".";".";"."
"2021*";"60 to 64 years";"Leisure";"1.00";"12.94";"43.95";"0.23";"24.83";"33.84";"0.10";"31.01";"41.09";".";".";".";".";".";".";"0.20";"9.07";"50.10";"0.44";"3.23";"45.66";"0.02";"22.84";"61.31"
"2021*";"60 to 64 years";"Other";"0.40";"12.93";"20.91";"0.20";"17.77";"23.47";"0.03";"22.12";"27.72";".";".";".";".";".";".";"0.07";"2.85";"14.47";"0.06";"0.96";"12.06";".";".";"."
"2022*";"Total";"Total";"2.86";"10.22";"24.88";"0.86";"17.22";"24.11";"0.29";"19.01";"27.72";"0.05";"47.40";"50.24";"0.08";"8.70";"27.65";"0.78";"3.82";"21.42";"0.70";"1.73";"25.43";"0.09";"15.45";"30.64"
"2022*";"Total";"Travel to/from work, (non)-daily commute";"0.48";"15.59";"24.55";"0.21";"24.08";"29.49";"0.01";"20.25";"28.04";"0.02";"40.13";"42.54";"0.02";"8.77";"26.01";"0.13";"4.17";"18.59";"0.05";"0.80";"10.21";"0.03";"20.99";"28.07"
"2022*";"Total";"Shopping, groceries, fun shopping.";"0.60";"4.70";"13.61";"0.20";"7.30";"14.18";"0.06";"10.82";"18.62";"0.00";"40.03";"45.58";"0.01";"6.81";"24.67";"0.17";"2.06";"11.84";"0.14";"0.80";"11.32";"0.01";"4.48";"14.07"
"2022*";"Total";"Attending education/courses";"0.22";"7.01";"19.13";"0.01";"26.63";"34.24";"0.02";"8.49";"17.68";"0.01";"36.71";"40.98";"0.02";"9.98";"28.21";"0.10";"3.35";"17.39";"0.05";"0.70";"9.82";"0.01";"10.88";"26.78"
"2022*";"Total";"Leisure";"1.11";"11.54";"34.86";"0.23";"21.36";"29.94";"0.15";"23.97";"33.38";"0.02";"60.80";"63.67";"0.02";"8.87";"30.58";"0.27";"5.52";"33.68";"0.38";"2.51";"37.55";"0.03";"15.29";"44.99"
"2022*";"Total";"Other";"0.46";"10.18";"18.54";"0.21";"14.72";"21.13";"0.04";"17.10";"24.57";"0.01";"55.75";"55.24";"0.01";"7.40";"26.10";"0.11";"2.33";"13.01";"0.07";"0.77";"10.62";"0.02";"14.85";"25.86"
"2022*";"18 to 24 years";"Total";"3.13";"10.69";"24.04";"0.65";"17.81";"25.76";"0.31";"20.13";"29.50";"0.18";"44.79";"47.68";"0.28";"9.17";"27.18";"0.82";"3.24";"18.50";"0.77";"1.32";"19.19";"0.12";"10.65";"26.49"
"2022*";"18 to 24 years";"Travel to/from work, (non)-daily commute";"0.62";"11.79";"21.82";"0.20";"20.33";"27.09";"0.03";"17.51";"26.89";"0.03";"36.96";"40.53";"0.05";"8.72";"25.89";"0.18";"3.42";"16.83";"0.09";"0.72";"9.57";"0.04";"13.68";"23.71"
"2022*";"18 to 24 years";"Shopping, groceries, fun shopping.";"0.47";"4.93";"13.77";"0.09";"8.24";"15.00";"0.05";"12.20";"19.79";"0.01";"41.59";"45.04";"0.02";"7.13";"24.01";"0.12";"1.91";"11.36";"0.16";"0.70";"9.84";".";".";"."
"2022*";"18 to 24 years";"Attending education/courses";"0.55";"11.46";"23.02";"0.05";"26.00";"35.98";"0.02";"19.16";"28.45";"0.08";"37.76";"41.54";"0.12";"9.70";"27.20";"0.14";"3.33";"17.09";"0.14";"0.75";"9.94";".";".";"."
"2022*";"18 to 24 years";"Leisure";"1.17";"11.76";"30.71";"0.21";"19.14";"28.97";"0.16";"23.96";"34.46";"0.05";"57.91";"60.05";"0.07";"9.44";"29.54";"0.31";"3.76";"23.75";"0.33";"2.13";"31.68";"0.04";"10.41";"35.82"
"2022*";"18 to 24 years";"Other";"0.32";"11.73";"20.73";"0.10";"15.12";"21.59";"0.04";"17.69";"25.12";"0.01";"57.17";"56.04";"0.02";"8.34";"25.52";"0.07";"2.66";"15.18";"0.05";"0.77";"10.39";".";".";"."
"2022*";"60 to 64 years";"Total";"2.77";"11.45";"27.27";"0.98";"18.43";"25.18";"0.22";"22.87";"31.16";"0.03";"54.08";"57.18";"0.04";"8.46";"28.48";"0.71";"4.68";"24.34";"0.68";"2.10";"29.98";"0.10";"17.90";"31.22"
"2022*";"60 to 64 years";"Travel to/from work, (non)-daily commute";"0.54";"16.24";"25.05";"0.25";"24.38";"29.42";".";".";".";".";".";".";".";".";".";"0.15";"4.61";"19.55";"0.05";"0.86";"10.29";"0.04";"22.41";"28.80"
"2022*";"60 to 64 years";"Shopping, groceries, fun shopping.";"0.72";"4.70";"13.81";"0.25";"7.55";"14.74";"0.06";"10.88";"18.98";".";".";".";".";".";".";"0.24";"2.15";"11.94";"0.15";"0.86";"12.04";".";".";"."
"2022*";"60 to 64 years";"Attending education/courses";"0.02";"13.29";"23.63";".";".";".";".";".";".";".";".";".";".";".";".";".";".";".";".";".";".";".";".";"."
"2022*";"60 to 64 years";"Leisure";"1.08";"13.02";"39.74";"0.26";"23.84";"32.13";"0.11";"29.82";"38.94";".";".";".";".";".";".";"0.23";"7.96";"43.65";"0.43";"2.84";"40.94";".";".";"."
"2022*";"60 to 64 years";"Other";"0.42";"12.85";"21.20";"0.21";"17.67";"23.98";"0.04";"21.33";"28.04";".";".";".";".";".";".";"0.08";"2.80";"14.28";"0.06";"0.92";"12.01";".";".";"."
"Source: CBS"
